codon,freqA,freqB,freqC,HiCAI
GCA,0.15,0.24,0,0.11
GCC,0.18,0.19,0,0
GCG,0.51,0.44,0.73,0.44
GCT,0.15,0.12,0.26,0.44
AGA,0.09,0.03,0,0
AGG,0.01,0,0,0
CGA,0,0,0,0
CGC,0.4,0.35,0.2,0.38
CGG,0,0,0,0
CGT,0.49,0.62,0.8,0.61
AAC,0.56,0.53,0.64,1
AAT,0.44,0.47,0.35,0
GAC,0.59,0.54,0.61,0.58
GAT,0.4,0.46,0.38,0.41
TGC,0.65,0.58,1,0.75
TGT,0.35,0.42,0,0.25
CAA,0.51,0.45,0.53,0.07
CAG,0.48,0.55,0.46,0.92
GAA,0.41,0.43,0.36,1
GAG,0.59,0.57,0.63,0
GGA,0.01,0,0,0
GGC,0.41,0.39,0.43,0.45
GGG,0.01,0,0,0
GGT,0.57,0.6,0.56,0.54
CAC,0.58,0.62,0.5,0.66
CAT,0.42,0.38,0.5,0.33
ATA,0,0,0,0
ATC,0.46,0.51,0.77,0.58
ATT,0.53,0.49,0.22,0.41
CTA,0,0,0,0
CTC,0.05,0.03,0.18,0
CTG,0.61,0.78,0.27,1
CTT,0.04,0.02,0,0
TTA,0.06,0.03,0.11,0
TTG,0.24,0.14,0.43,0
AAA,0.44,0.51,0.35,1
AAG,0.56,0.49,0.64,0
ATG,1,1,1,1
TTC,0.58,0.55,0.5,0.55
TTT,0.42,0.45,0.5,0.44
CCA,0.15,0.1,0.13,0
CCC,0,0,0,0
CCG,0.72,0.81,0.86,1
CCT,0.13,0.09,0,0
AGC,0.38,0.68,0.16,0.02
AGT,0.01,0,0,0
TCA,0.02,0.02,0,0
TCC,0.25,0.13,0.58,0.45
TCG,0.21,0.05,0.04,0
TCT,0.12,0.1,0.2,0.51
ACA,0,0,0,0
ACC,0.63,0.57,0.91,0.65
ACG,0.25,0.33,0,0
ACT,0.11,0.1,0.08,0.34
TGG,1,1,1,1
TAC,0.57,0.58,0.57,0.61
TAT,0.42,0.42,0.42,0.38
GTA,0.08,0.03,0,0
GTC,0.22,0.28,0,0
GTG,0.38,0.34,0.4,0.41
GTT,0.31,0.35,0.59,0.58
