,Gene Name,Well
0,MMSYN1_0002,A1
1,MMSYN1_0004,B1
2,MMSYN1_0006,C1
3,MMSYN1_0007,D1
4,MMSYN1_0044,E1
5,MMSYN1_0046,F1
6,MMSYN1_0141,G1
7,MMSYN1_0142,H1
8,MMSYN1_0151,A2
9,MMSYN1_0198,B2
10,MMSYN1_0203,C2
11,MMSYN1_0228,D2
12,MMSYN1_0238,E2
13,MMSYN1_0247,F2
14,MMSYN1_0259,G2
15,MMSYN1_0262,H2
16,MMSYN1_0263,A3
17,MMSYN1_0285,B3
18,MMSYN1_0289,C3
19,MMSYN1_0290,D3
20,MMSYN1_0297,E3
21,MMSYN1_0308,F3
22,MMSYN1_0316,G3
23,MMSYN1_0328,H3
24,MMSYN1_0329,A4
25,MMSYN1_0330,B4
26,MMSYN1_0347,C4
27,MMSYN1_0348,D4
28,MMSYN1_0360,E4
29,MMSYN1_0364,F4
30,MMSYN1_0365,G4
31,MMSYN1_0366,H4
32,MMSYN1_0378,A5
33,MMSYN1_0380,B5
34,MMSYN1_0381,C5
35,MMSYN1_0387,D5
36,MMSYN1_0390,E5
37,MMSYN1_0403,F5
38,MMSYN1_0404,G5
39,MMSYN1_0405,H5
40,MMSYN1_0413,A6
41,MMSYN1_0418,B6
42,MMSYN1_0427,C6
43,MMSYN1_0428,D6
44,MMSYN1_0429,E6
45,MMSYN1_0512,F6
46,MMSYN1_0518,G6
47,MMSYN1_0519,H6
48,MMSYN1_0529,A7
49,MMSYN1_0536,B7
50,MMSYN1_0537,C7
51,MMSYN1_0539,D7
52,MMSYN1_0540,E7
53,MMSYN1_0545,F7
54,MMSYN1_0600,G7
55,MMSYN1_0607,H7
56,MMSYN1_0608,A8
57,MMSYN1_0613,B8
58,MMSYN1_0616,C8
59,MMSYN1_0634,D8
60,MMSYN1_0637,E8
61,MMSYN1_0641,F8
62,MMSYN1_0646,G8
63,MMSYN1_0654,H8
64,MMSYN1_0655,A9
65,MMSYN1_0657,B9
66,MMSYN1_0660,C9
67,MMSYN1_0665,D9
68,MMSYN1_0666,E9
69,MMSYN1_0668,F9
70,MMSYN1_0670,G9
71,MMSYN1_0671,H9
72,MMSYN1_0684,A10
73,MMSYN1_0707,B10
74,MMSYN1_0708,C10
75,MMSYN1_0727,D10
76,MMSYN1_0732,E10
77,MMSYN1_0771,F10
78,MMSYN1_0773,G10
79,MMSYN1_0791,H10
80,MMSYN1_0793,A11
81,MMSYN1_0795,B11
82,MMSYN1_0798,C11
83,MMSYN1_0809,D11
84,MMSYN1_0810,E11
85,MMSYN1_0813,F11
86,MMSYN1_0814,G11
87,MMSYN1_0825,H11
88,MMSYN1_0831,A12
89,MMSYN1_0840,B12
90,MMSYN1_0874,C12
91,MMSYN1_0875,D12
92,MMSYN1_0886,E12
93,MMSYN1_0908,F12
94,Empty,G12
95,Empty,H12
